effect,rule_path,strategic_rule,combat_rule,darkvision,spirit_sight,true_sight,blindness,evidence,verification_date,status,open_item
Glamour trait,"strategic concealment; image selection","Cannot be discovered by scouts; main manual says undetectable in friendly provinces; adds 25 only to existing Stealth","Grants Mirror Image","No documented counter","Current description says it sees glamoured units for what they are","Does not negate the current Mirror Image spell","Interaction with innate images not established","OM; MM 6.36; pinned 6.35 UI descriptions",2026-08-30,category-resolved,R-058
Invisibility,"strategic patrol detection; melee Attack penalty","Sneaking Invisible units can be found only by patrollers with Spirit Sight","Melee attackers suffer -10 Attack unless they have Spirit Sight","No documented counter","Explicit counter","Current description removes the combat penalty","No additional Invisibility penalty","MM 6.36; OM historical -9; pinned 6.35 UI descriptions",2026-08-30,resolved,
Unseen,"temporary Invisibility state","Uses documented Invisible behaviour","Ends when hit","No documented counter","As Invisibility","As Invisibility in current description","As Invisibility for the additional-penalty exemption","MM 6.36; pinned 6.35 Invisibility spell description",2026-08-30,resolved,
Blur,"melee Attack penalty",None,"Attackers suffer -2 Attack","No documented counter","Ignores Blur","Ignores Blur","Ignores Blur","pinned 6.35 UI description; no 6.36 patch change",2026-08-30,resolved,
Displacement,"first-strike and continuing melee Attack penalty",None,"First strike -10; later strikes -5; does not stack with Blur or Invisibility","No documented counter","Ignores Displacement","Ignores Displacement","Ignores Displacement","pinned 6.35 UI description; no 6.36 patch change",2026-08-30,resolved,
Mirror Image,"image selection",None,"Attacks select among the unit and remaining images; a struck image disappears","No documented counter","Interaction not established","Current Mirror Image spell says True Sight does not negate images","Interaction not established","pinned 6.35 UI description; no 6.36 patch change",2026-08-30,partially-resolved,R-058
Illusion,"technical creature class",None,"Spiritform-like; illusion magic can affect the unit despite Mindless","No class-wide rule","Can see true essence; individual effects remain specific","Sees through illusions; individual effects remain specific","No class-wide rule","MM 6.36",2026-08-30,category-resolved,
Spiritform,"technical creature class",None,"Spirit-like class with specific immunities including documented Stoneskin and Polymorph examples","No class-wide rule","Can see into the spirit realm; no generic targeting penalty is stated","No class-wide rule","No class-wide rule","MM 6.36",2026-08-30,category-resolved,
Darkvision,"darkness penalty reduction",None,"Reduces darkness penalties according to value; 100 is perfect","Not applicable","Spirit Sight independently removes darkness penalties","No general darkness rule stated","Darkvision does not help blindness","OM; MM 6.36",2026-08-30,resolved,
